timestamp,track_id,plate_number,violation_type,image_path,plate_image_path
2026-07-25T20:37:32,123,,NO_HELMET,outputs\khong_doi_mu\123_20260725_203732_nguoi.jpg,
2026-07-25T20:37:33,148,,NO_HELMET,outputs\khong_doi_mu\148_20260725_203733_nguoi.jpg,
2026-07-25T20:37:34,154,,NO_HELMET,outputs\khong_doi_mu\154_20260725_203734_nguoi.jpg,
2026-07-25T20:37:36,147,,NO_HELMET,outputs\khong_doi_mu\147_20260725_203736_nguoi.jpg,
2026-07-25T20:38:32,123,,NO_HELMET,outputs\khong_doi_mu\123_20260725_203832_nguoi.jpg,
2026-07-25T20:38:33,148,,NO_HELMET,outputs\khong_doi_mu\148_20260725_203833_nguoi.jpg,
2026-07-25T20:38:34,154,,NO_HELMET,outputs\khong_doi_mu\154_20260725_203834_nguoi.jpg,
2026-07-25T20:38:35,147,,NO_HELMET,outputs\khong_doi_mu\147_20260725_203835_nguoi.jpg,
2026-07-26T01:52:16,121,,NO_HELMET,outputs\khong_doi_mu\121_20260726_015216_nguoi.jpg,
2026-07-26T01:52:17,148,,NO_HELMET,outputs\khong_doi_mu\148_20260726_015217_nguoi.jpg,outputs\khong_doi_mu\148_20260726_015217_bienso.jpg
2026-07-26T01:52:18,154,,NO_HELMET,outputs\khong_doi_mu\154_20260726_015218_nguoi.jpg,outputs\khong_doi_mu\154_20260726_015218_bienso.jpg
2026-07-26T01:52:19,147,,NO_HELMET,outputs\khong_doi_mu\147_20260726_015219_nguoi.jpg,outputs\khong_doi_mu\147_20260726_015219_bienso.jpg
2026-07-26T01:52:46,114,,NO_HELMET,outputs\khong_doi_mu\114_20260726_015246_nguoi.jpg,
2026-07-26T01:52:47,143,,NO_HELMET,outputs\khong_doi_mu\143_20260726_015247_nguoi.jpg,outputs\khong_doi_mu\143_20260726_015247_bienso.jpg
2026-07-26T01:52:48,151,,NO_HELMET,outputs\khong_doi_mu\151_20260726_015248_nguoi.jpg,outputs\khong_doi_mu\151_20260726_015248_bienso.jpg
2026-07-26T01:52:50,142,,NO_HELMET,outputs\khong_doi_mu\142_20260726_015250_nguoi.jpg,outputs\khong_doi_mu\142_20260726_015250_bienso.jpg
2026-07-26T01:53:15,753,,NO_HELMET,outputs\khong_doi_mu\753_20260726_015315_nguoi.jpg,
2026-07-26T01:53:16,810,,NO_HELMET,outputs\khong_doi_mu\810_20260726_015316_nguoi.jpg,
2026-07-26T01:53:24,966,,NO_HELMET,outputs\khong_doi_mu\966_20260726_015324_nguoi.jpg,outputs\khong_doi_mu\966_20260726_015324_bienso.jpg
2026-07-26T01:53:29,1100,,NO_HELMET,outputs\khong_doi_mu\1100_20260726_015329_nguoi.jpg,
2026-07-26T01:53:31,1156,,NO_HELMET,outputs\khong_doi_mu\1156_20260726_015331_nguoi.jpg,outputs\khong_doi_mu\1156_20260726_015331_bienso.jpg
2026-07-26T01:53:48,121,,NO_HELMET,outputs\khong_doi_mu\121_20260726_015348_nguoi.jpg,
2026-07-26T01:53:49,148,,NO_HELMET,outputs\khong_doi_mu\148_20260726_015349_nguoi.jpg,outputs\khong_doi_mu\148_20260726_015349_bienso.jpg
2026-07-26T01:53:50,154,,NO_HELMET,outputs\khong_doi_mu\154_20260726_015350_nguoi.jpg,outputs\khong_doi_mu\154_20260726_015350_bienso.jpg
2026-07-26T01:53:51,147,,NO_HELMET,outputs\khong_doi_mu\147_20260726_015351_nguoi.jpg,outputs\khong_doi_mu\147_20260726_015351_bienso.jpg
2026-07-26T01:54:16,763,,NO_HELMET,outputs\khong_doi_mu\763_20260726_015416_nguoi.jpg,
2026-07-26T01:54:18,821,,NO_HELMET,outputs\khong_doi_mu\821_20260726_015418_nguoi.jpg,
2026-07-26T01:54:27,971,,NO_HELMET,outputs\khong_doi_mu\971_20260726_015427_nguoi.jpg,outputs\khong_doi_mu\971_20260726_015427_bienso.jpg
2026-07-26T01:54:29,955,,NO_HELMET,outputs\khong_doi_mu\955_20260726_015429_nguoi.jpg,
2026-07-26T01:54:34,1114,,NO_HELMET,outputs\khong_doi_mu\1114_20260726_015434_nguoi.jpg,
2026-07-26T01:54:37,1171,,NO_HELMET,outputs\khong_doi_mu\1171_20260726_015437_nguoi.jpg,outputs\khong_doi_mu\1171_20260726_015437_bienso.jpg
2026-07-26T01:54:38,1176,,NO_HELMET,outputs\khong_doi_mu\1176_20260726_015438_nguoi.jpg,
2026-07-26T01:54:50,1280,,NO_HELMET,outputs\khong_doi_mu\1280_20260726_015450_nguoi.jpg,
2026-07-26T01:55:15,125,,NO_HELMET,outputs\khong_doi_mu\125_20260726_015515_nguoi.jpg,
2026-07-26T01:55:17,158,,NO_HELMET,outputs\khong_doi_mu\158_20260726_015517_nguoi.jpg,outputs\khong_doi_mu\158_20260726_015517_bienso.jpg
2026-07-26T01:55:18,163,,NO_HELMET,outputs\khong_doi_mu\163_20260726_015518_nguoi.jpg,outputs\khong_doi_mu\163_20260726_015518_bienso.jpg
2026-07-26T01:55:20,157,,NO_HELMET,outputs\khong_doi_mu\157_20260726_015520_nguoi.jpg,outputs\khong_doi_mu\157_20260726_015520_bienso.jpg
2026-07-26T01:55:23,211,,NO_HELMET,outputs\khong_doi_mu\211_20260726_015523_nguoi.jpg,
2026-07-26T01:55:27,251,,NO_HELMET,outputs\khong_doi_mu\251_20260726_015527_nguoi.jpg,outputs\khong_doi_mu\251_20260726_015527_bienso.jpg
2026-07-26T01:55:30,361,,NO_HELMET,outputs\khong_doi_mu\361_20260726_015530_nguoi.jpg,
2026-07-26T01:55:41,570,,NO_HELMET,outputs\khong_doi_mu\570_20260726_015541_nguoi.jpg,
2026-07-26T01:55:42,593,,NO_HELMET,outputs\khong_doi_mu\593_20260726_015542_nguoi.jpg,
2026-07-26T01:55:56,808,,NO_HELMET,outputs\khong_doi_mu\808_20260726_015556_nguoi.jpg,
2026-07-26T01:55:58,866,,NO_HELMET,outputs\khong_doi_mu\866_20260726_015558_nguoi.jpg,
2026-07-26T01:56:11,1019,,NO_HELMET,outputs\khong_doi_mu\1019_20260726_015611_nguoi.jpg,outputs\khong_doi_mu\1019_20260726_015611_bienso.jpg
2026-07-26T01:56:13,1001,,NO_HELMET,outputs\khong_doi_mu\1001_20260726_015613_nguoi.jpg,
2026-07-26T01:56:18,1173,,NO_HELMET,outputs\khong_doi_mu\1173_20260726_015618_nguoi.jpg,
2026-07-26T01:56:21,1237,,NO_HELMET,outputs\khong_doi_mu\1237_20260726_015621_nguoi.jpg,outputs\khong_doi_mu\1237_20260726_015621_bienso.jpg
2026-07-26T01:56:22,1241,,NO_HELMET,outputs\khong_doi_mu\1241_20260726_015622_nguoi.jpg,
2026-07-26T01:56:34,1347,,NO_HELMET,outputs\khong_doi_mu\1347_20260726_015634_nguoi.jpg,
2026-07-26T01:56:40,1472,,NO_HELMET,outputs\khong_doi_mu\1472_20260726_015640_nguoi.jpg,
2026-07-26T01:56:45,1498,,NO_HELMET,outputs\khong_doi_mu\1498_20260726_015645_nguoi.jpg,outputs\khong_doi_mu\1498_20260726_015645_bienso.jpg
2026-07-26T01:56:55,1683,,NO_HELMET,outputs\khong_doi_mu\1683_20260726_015655_nguoi.jpg,
2026-07-26T01:56:56,1689,,NO_HELMET,outputs\khong_doi_mu\1689_20260726_015656_nguoi.jpg,outputs\khong_doi_mu\1689_20260726_015656_bienso.jpg
2026-07-26T01:56:58,1703,,NO_HELMET,outputs\khong_doi_mu\1703_20260726_015658_nguoi.jpg,
2026-07-26T01:56:59,1692,,NO_HELMET,outputs\khong_doi_mu\1692_20260726_015659_nguoi.jpg,
2026-07-26T01:57:00,1731,,NO_HELMET,outputs\khong_doi_mu\1731_20260726_015700_nguoi.jpg,
2026-07-26T01:57:00,1728,,NO_HELMET,outputs\khong_doi_mu\1728_20260726_015700_nguoi.jpg,outputs\khong_doi_mu\1728_20260726_015700_bienso.jpg
2026-07-26T01:57:10,1847,,NO_HELMET,outputs\khong_doi_mu\1847_20260726_015710_nguoi.jpg,outputs\khong_doi_mu\1847_20260726_015710_bienso.jpg
2026-07-26T01:57:14,1805,,NO_HELMET,outputs\khong_doi_mu\1805_20260726_015714_nguoi.jpg,outputs\khong_doi_mu\1805_20260726_015714_bienso.jpg
2026-07-26T02:00:26,126,,NO_HELMET,outputs\khong_doi_mu\126_20260726_020026_nguoi.jpg,
2026-07-26T02:00:29,158,,NO_HELMET,outputs\khong_doi_mu\158_20260726_020029_nguoi.jpg,outputs\khong_doi_mu\158_20260726_020029_bienso.jpg
2026-07-26T02:00:29,163,,NO_HELMET,outputs\khong_doi_mu\163_20260726_020029_nguoi.jpg,outputs\khong_doi_mu\163_20260726_020029_bienso.jpg
2026-07-26T02:00:31,157,,NO_HELMET,outputs\khong_doi_mu\157_20260726_020031_nguoi.jpg,outputs\khong_doi_mu\157_20260726_020031_bienso.jpg
2026-07-26T02:00:34,212,,NO_HELMET,outputs\khong_doi_mu\212_20260726_020034_nguoi.jpg,
2026-07-26T02:00:39,251,,NO_HELMET,outputs\khong_doi_mu\251_20260726_020039_nguoi.jpg,outputs\khong_doi_mu\251_20260726_020039_bienso.jpg
2026-07-26T02:00:41,361,,NO_HELMET,outputs\khong_doi_mu\361_20260726_020041_nguoi.jpg,
2026-07-26T02:00:52,570,,NO_HELMET,outputs\khong_doi_mu\570_20260726_020052_nguoi.jpg,
2026-07-26T02:00:53,593,,NO_HELMET,outputs\khong_doi_mu\593_20260726_020053_nguoi.jpg,
2026-07-26T02:01:07,810,,NO_HELMET,outputs\khong_doi_mu\810_20260726_020107_nguoi.jpg,
2026-07-26T02:01:09,867,,NO_HELMET,outputs\khong_doi_mu\867_20260726_020109_nguoi.jpg,
2026-07-26T02:01:22,1020,,NO_HELMET,outputs\khong_doi_mu\1020_20260726_020122_nguoi.jpg,outputs\khong_doi_mu\1020_20260726_020122_bienso.jpg
2026-07-26T02:01:24,1001,,NO_HELMET,outputs\khong_doi_mu\1001_20260726_020124_nguoi.jpg,
2026-07-26T02:01:28,1173,,NO_HELMET,outputs\khong_doi_mu\1173_20260726_020128_nguoi.jpg,
2026-07-26T02:01:31,1229,,NO_HELMET,outputs\khong_doi_mu\1229_20260726_020131_nguoi.jpg,outputs\khong_doi_mu\1229_20260726_020131_bienso.jpg
2026-07-26T02:01:31,1233,,NO_HELMET,outputs\khong_doi_mu\1233_20260726_020131_nguoi.jpg,
2026-07-26T12:08:13,125,,NO_HELMET,outputs\khong_doi_mu\125_20260726_120813_nguoi.jpg,
2026-07-26T12:08:17,157,,NO_HELMET,outputs\khong_doi_mu\157_20260726_120817_nguoi.jpg,outputs\khong_doi_mu\157_20260726_120817_bienso.jpg
2026-07-26T12:08:19,163,,NO_HELMET,outputs\khong_doi_mu\163_20260726_120819_nguoi.jpg,outputs\khong_doi_mu\163_20260726_120819_bienso.jpg
2026-07-26T12:08:22,156,,NO_HELMET,outputs\khong_doi_mu\156_20260726_120822_nguoi.jpg,outputs\khong_doi_mu\156_20260726_120822_bienso.jpg
2026-07-26T12:08:26,210,,NO_HELMET,outputs\khong_doi_mu\210_20260726_120826_nguoi.jpg,
